{
    "bleu": 0.14891077290361085,
    "bleu-1": 0.1539838854073411,
    "bleu-4": 0.13309459862727543,
    "bertscore-precision": 0.23515368546702478,
    "bertscore-recall": 0.22829006266786034,
    "bertscore-f1": 0.23246792002387348,
    "comet": 0.29036108624291257
}